"Clade","Bank","Introduced_SR","Native_SR","Total_SR"
"All Herpetofauna","anguilla",18,14,32
"All Herpetofauna","antigua",6,9,15
"All Herpetofauna","aruba",12,11,23
"All Herpetofauna","aves",0,1,1
"All Herpetofauna","barbados",9,6,15
"All Herpetofauna","bermuda",7,2,9
"All Herpetofauna","blanquilla",0,8,8
"All Herpetofauna","bonaire",5,8,13
"All Herpetofauna","caicos",6,10,16
"All Herpetofauna","cay sal",0,5,5
"All Herpetofauna","cayman brac",4,13,17
"All Herpetofauna","chinchorro",0,6,6
"All Herpetofauna","conception",0,6,6
"All Herpetofauna","corn",4,24,28
"All Herpetofauna","cozumel",2,31,33
"All Herpetofauna","crooked acklins",0,9,9
"All Herpetofauna","cuba",10,219,229
"All Herpetofauna","curacao",9,11,20
"All Herpetofauna","desecheo",0,5,5
"All Herpetofauna","dominica",5,15,20
"All Herpetofauna","glover",3,2,5
"All Herpetofauna","grand cayman",13,12,25
"All Herpetofauna","great bahama",15,25,39
"All Herpetofauna","great inagua",5,9,14
"All Herpetofauna","grenada",10,19,29
"All Herpetofauna","guadeloupe",12,24,36
"All Herpetofauna","guanaja",5,24,29
"All Herpetofauna","hispaniola",8,251,259
"All Herpetofauna","iles des saintes",7,8,15
"All Herpetofauna","ilsa de providencia",2,11,13
"All Herpetofauna","jamaica",9,59,68
"All Herpetofauna","klein curacao",1,3,4
"All Herpetofauna","las aves",0,11,11
"All Herpetofauna","lighthouse atoll",1,5,6
"All Herpetofauna","little bahama",17,9,26
"All Herpetofauna","little cayman",3,10,13
"All Herpetofauna","little inagua",1,3,4
"All Herpetofauna","marie galante",7,9,16
"All Herpetofauna","martinique",13,13,26
"All Herpetofauna","mayaguana",2,2,4
"All Herpetofauna","mira por vos",0,1,1
"All Herpetofauna","mona",3,9,12
"All Herpetofauna","monito",0,3,3
"All Herpetofauna","monjes",0,1,1
"All Herpetofauna","montserrat",7,10,17
"All Herpetofauna","morant",1,1,2
"All Herpetofauna","navassa",0,8,8
"All Herpetofauna","orchila",1,5,6
"All Herpetofauna","pedro",0,2,2
"All Herpetofauna","plana cays",0,4,4
"All Herpetofauna","puerto rico",22,72,94
"All Herpetofauna","redonda",1,4,5
"All Herpetofauna","roatan",3,27,30
"All Herpetofauna","roques",1,6,7
"All Herpetofauna","rum cay",0,7,7
"All Herpetofauna","saba",2,6,8
"All Herpetofauna","samana",0,3,3
"All Herpetofauna","san andres",2,12,14
"All Herpetofauna","san salvador",2,9,11
"All Herpetofauna","sombrero",0,3,3
"All Herpetofauna","st christopher",12,9,21
"All Herpetofauna","st croix",11,11,22
"All Herpetofauna","st lucia",12,16,28
"All Herpetofauna","st vincent",7,13,20
"All Herpetofauna","swan",0,11,11
"All Herpetofauna","testigos",1,10,11
"All Herpetofauna","tobago",5,56,61
"All Herpetofauna","tortuga",0,5,5
"All Herpetofauna","trinidad",10,101,111
"All Herpetofauna","turks",4,7,11
"All Herpetofauna","turneffe",1,6,7
"All Herpetofauna","utila",8,29,37
"Reptilia","anguilla",12,14,26
"Reptilia","antigua",3,8,11
"Reptilia","aruba",10,10,20
"Reptilia","aves",0,1,1
"Reptilia","barbados",7,6,13
"Reptilia","bermuda",5,2,7
"Reptilia","blanquilla",0,8,8
"Reptilia","bonaire",2,8,10
"Reptilia","caicos",4,10,14
"Reptilia","cay sal",0,5,5
"Reptilia","cayman brac",4,11,15
"Reptilia","chinchorro",0,6,6
"Reptilia","conception",0,5,5
"Reptilia","corn",4,18,22
"Reptilia","cozumel",2,23,25
"Reptilia","crooked acklins",0,8,8
"Reptilia","cuba",9,151,160
"Reptilia","curacao",6,11,17
"Reptilia","desecheo",0,5,5
"Reptilia","dominica",5,12,17
"Reptilia","glover",3,2,5
"Reptilia","grand cayman",11,10,21
"Reptilia","great bahama",13,21,33
"Reptilia","great inagua",3,9,12
"Reptilia","grenada",6,18,24
"Reptilia","guadeloupe",9,20,29
"Reptilia","guanaja",3,19,22
"Reptilia","hispaniola",6,177,183
"Reptilia","iles des saintes",6,7,13
"Reptilia","ilsa de providencia",2,10,12
"Reptilia","jamaica",5,38,43
"Reptilia","klein curacao",1,3,4
"Reptilia","las aves",0,11,11
"Reptilia","lighthouse atoll",1,5,6
"Reptilia","little bahama",13,7,20
"Reptilia","little cayman",3,9,12
"Reptilia","little inagua",1,3,4
"Reptilia","marie galante",5,8,13
"Reptilia","martinique",8,12,20
"Reptilia","mayaguana",2,2,4
"Reptilia","mira por vos",0,1,1
"Reptilia","mona",2,8,10
"Reptilia","monito",0,3,3
"Reptilia","monjes",0,1,1
"Reptilia","montserrat",5,9,14
"Reptilia","morant",1,1,2
"Reptilia","navassa",0,8,8
"Reptilia","orchila",1,5,6
"Reptilia","pedro",0,2,2
"Reptilia","plana cays",0,4,4
"Reptilia","puerto rico",15,53,68
"Reptilia","redonda",1,4,5
"Reptilia","roatan",3,23,26
"Reptilia","roques",1,6,7
"Reptilia","rum cay",0,6,6
"Reptilia","saba",1,6,7
"Reptilia","samana",0,3,3
"Reptilia","san andres",2,11,13
"Reptilia","san salvador",1,7,8
"Reptilia","sombrero",0,3,3
"Reptilia","st christopher",9,9,18
"Reptilia","st croix",6,9,15
"Reptilia","st lucia",7,14,21
"Reptilia","st vincent",4,12,16
"Reptilia","swan",0,11,11
"Reptilia","testigos",1,10,11
"Reptilia","tobago",4,40,44
"Reptilia","tortuga",0,5,5
"Reptilia","trinidad",9,70,79
"Reptilia","turks",2,7,9
"Reptilia","turneffe",1,5,6
"Reptilia","utila",8,25,33
"Squamata","anguilla",10,14,24
"Squamata","antigua",2,8,10
"Squamata","aruba",9,10,19
"Squamata","aves",0,1,1
"Squamata","barbados",6,6,12
"Squamata","bermuda",4,1,5
"Squamata","blanquilla",0,8,8
"Squamata","bonaire",2,8,10
"Squamata","caicos",4,10,14
"Squamata","cay sal",0,5,5
"Squamata","cayman brac",3,10,13
"Squamata","chinchorro",0,5,5
"Squamata","conception",0,5,5
"Squamata","corn",4,17,21
"Squamata","cozumel",2,18,20
"Squamata","crooked acklins",0,8,8
"Squamata","cuba",8,147,155
"Squamata","curacao",6,10,16
"Squamata","desecheo",0,5,5
"Squamata","dominica",4,12,16
"Squamata","glover",3,2,5
"Squamata","grand cayman",9,10,19
"Squamata","great bahama",12,20,31
"Squamata","great inagua",2,9,11
"Squamata","grenada",5,18,23
"Squamata","guadeloupe",6,20,26
"Squamata","guanaja",3,16,19
"Squamata","hispaniola",5,173,178
"Squamata","iles des saintes",2,7,9
"Squamata","ilsa de providencia",1,10,11
"Squamata","jamaica",3,36,39
"Squamata","klein curacao",1,3,4
"Squamata","las aves",0,11,11
"Squamata","lighthouse atoll",1,4,5
"Squamata","little bahama",12,6,18
"Squamata","little cayman",3,8,11
"Squamata","little inagua",1,3,4
"Squamata","marie galante",3,8,11
"Squamata","martinique",6,12,18
"Squamata","mayaguana",2,2,4
"Squamata","mira por vos",0,1,1
"Squamata","mona",2,8,10
"Squamata","monito",0,3,3
"Squamata","monjes",0,1,1
"Squamata","montserrat",4,9,13
"Squamata","morant",1,1,2
"Squamata","navassa",0,8,8
"Squamata","orchila",1,5,6
"Squamata","pedro",0,2,2
"Squamata","plana cays",0,4,4
"Squamata","puerto rico",10,52,62
"Squamata","redonda",1,4,5
"Squamata","roatan",3,21,24
"Squamata","roques",1,6,7
"Squamata","rum cay",0,6,6
"Squamata","saba",1,6,7
"Squamata","samana",0,3,3
"Squamata","san andres",1,10,11
"Squamata","san salvador",1,6,7
"Squamata","sombrero",0,3,3
"Squamata","st christopher",8,9,17
"Squamata","st croix",4,9,13
"Squamata","st lucia",6,14,20
"Squamata","st vincent",3,12,15
"Squamata","swan",0,11,11
"Squamata","testigos",0,10,10
"Squamata","tobago",4,39,43
"Squamata","tortuga",0,5,5
"Squamata","trinidad",7,63,70
"Squamata","turks",2,7,9
"Squamata","turneffe",1,3,4
"Squamata","utila",7,23,30
"Iguania","anguilla",4,4,8
"Iguania","antigua",0,3,3
"Iguania","aruba",2,2,4
"Iguania","aves",0,1,1
"Iguania","barbados",1,1,2
"Iguania","bermuda",4,0,4
"Iguania","blanquilla",0,3,3
"Iguania","bonaire",0,2,2
"Iguania","caicos",1,4,5
"Iguania","cay sal",0,2,2
"Iguania","cayman brac",2,4,6
"Iguania","chinchorro",0,3,3
"Iguania","conception",0,3,3
"Iguania","corn",0,5,5
"Iguania","cozumel",0,6,6
"Iguania","crooked acklins",0,4,4
"Iguania","cuba",1,71,72
"Iguania","curacao",0,3,3
"Iguania","desecheo",0,1,1
"Iguania","dominica",1,2,3
"Iguania","glover",2,1,3
"Iguania","grand cayman",5,4,9
"Iguania","great bahama",4,9,12
"Iguania","great inagua",0,2,2
"Iguania","grenada",1,4,5
"Iguania","guadeloupe",0,6,6
"Iguania","guanaja",0,4,4
"Iguania","hispaniola",2,76,78
"Iguania","iles des saintes",0,3,3
"Iguania","ilsa de providencia",1,2,3
"Iguania","jamaica",1,7,8
"Iguania","klein curacao",1,0,1
"Iguania","las aves",0,4,4
"Iguania","lighthouse atoll",1,3,4
"Iguania","little bahama",4,2,6
"Iguania","little cayman",2,3,5
"Iguania","little inagua",0,1,1
"Iguania","marie galante",1,2,3
"Iguania","martinique",1,3,4
"Iguania","mayaguana",1,1,2
"Iguania","mira por vos",0,1,1
"Iguania","mona",0,2,2
"Iguania","monito",0,1,1
"Iguania","monjes",0,0,0
"Iguania","montserrat",0,2,2
"Iguania","morant",0,0,0
"Iguania","navassa",0,3,3
"Iguania","orchila",0,1,1
"Iguania","pedro",0,0,0
"Iguania","plana cays",0,3,3
"Iguania","puerto rico",3,15,18
"Iguania","redonda",0,1,1
"Iguania","roatan",1,6,7
"Iguania","roques",0,1,1
"Iguania","rum cay",0,3,3
"Iguania","saba",0,2,2
"Iguania","samana",0,2,2
"Iguania","san andres",1,2,3
"Iguania","san salvador",0,4,4
"Iguania","sombrero",0,1,1
"Iguania","st christopher",2,3,5
"Iguania","st croix",1,1,2
"Iguania","st lucia",4,1,5
"Iguania","st vincent",1,3,4
"Iguania","swan",0,3,3
"Iguania","testigos",0,2,2
"Iguania","tobago",2,3,5
"Iguania","tortuga",0,2,2
"Iguania","trinidad",5,4,9
"Iguania","turks",0,3,3
"Iguania","turneffe",1,0,1
"Iguania","utila",2,6,8
"Serpentes","anguilla",2,2,4
"Serpentes","antigua",0,2,2
"Serpentes","aruba",2,2,4
"Serpentes","aves",0,0,0
"Serpentes","barbados",2,2,4
"Serpentes","bermuda",0,0,0
"Serpentes","blanquilla",0,0,0
"Serpentes","bonaire",1,1,2
"Serpentes","caicos",1,3,4
"Serpentes","cay sal",0,2,2
"Serpentes","cayman brac",0,3,3
"Serpentes","chinchorro",0,0,0
"Serpentes","conception",0,1,1
"Serpentes","corn",1,6,7
"Serpentes","cozumel",1,7,8
"Serpentes","crooked acklins",0,3,3
"Serpentes","cuba",1,41,42
"Serpentes","curacao",1,2,3
"Serpentes","desecheo",0,1,1
"Serpentes","dominica",0,4,4
"Serpentes","glover",0,0,0
"Serpentes","grand cayman",2,4,6
"Serpentes","great bahama",3,6,9
"Serpentes","great inagua",0,4,4
"Serpentes","grenada",1,4,5
"Serpentes","guadeloupe",1,4,5
"Serpentes","guanaja",1,7,8
"Serpentes","hispaniola",0,33,33
"Serpentes","iles des saintes",0,1,1
"Serpentes","ilsa de providencia",0,2,2
"Serpentes","jamaica",0,9,9
"Serpentes","klein curacao",0,0,0
"Serpentes","las aves",0,1,1
"Serpentes","lighthouse atoll",0,0,0
"Serpentes","little bahama",5,3,8
"Serpentes","little cayman",0,2,2
"Serpentes","little inagua",1,0,1
"Serpentes","marie galante",0,2,2
"Serpentes","martinique",1,3,4
"Serpentes","mayaguana",0,0,0
"Serpentes","mira por vos",0,0,0
"Serpentes","mona",0,3,3
"Serpentes","monito",0,0,0
"Serpentes","monjes",0,0,0
"Serpentes","montserrat",1,2,3
"Serpentes","morant",0,0,0
"Serpentes","navassa",0,2,2
"Serpentes","orchila",0,0,0
"Serpentes","pedro",0,0,0
"Serpentes","plana cays",0,0,0
"Serpentes","puerto rico",2,12,14
"Serpentes","redonda",0,0,0
"Serpentes","roatan",1,9,10
"Serpentes","roques",0,0,0
"Serpentes","rum cay",0,0,0
"Serpentes","saba",0,1,1
"Serpentes","samana",0,0,0
"Serpentes","san andres",0,4,4
"Serpentes","san salvador",0,1,1
"Serpentes","sombrero",0,0,0
"Serpentes","st christopher",4,2,6
"Serpentes","st croix",1,2,3
"Serpentes","st lucia",0,6,6
"Serpentes","st vincent",0,4,4
"Serpentes","swan",0,2,2
"Serpentes","testigos",0,3,3
"Serpentes","tobago",0,22,22
"Serpentes","tortuga",0,0,0
"Serpentes","trinidad",0,41,41
"Serpentes","turks",1,2,3
"Serpentes","turneffe",0,2,2
"Serpentes","utila",4,9,13
"Anolis","anguilla",3,2,5
"Anolis","antigua",0,2,2
"Anolis","aruba",2,1,3
"Anolis","aves",0,1,1
"Anolis","barbados",1,1,2
"Anolis","bermuda",4,0,4
"Anolis","blanquilla",0,1,1
"Anolis","bonaire",0,1,1
"Anolis","caicos",1,1,2
"Anolis","cay sal",0,2,2
"Anolis","cayman brac",1,2,3
"Anolis","chinchorro",0,1,1
"Anolis","conception",0,2,2
"Anolis","corn",0,2,2
"Anolis","cozumel",0,2,2
"Anolis","crooked acklins",0,2,2
"Anolis","cuba",0,64,64
"Anolis","curacao",0,2,2
"Anolis","desecheo",0,1,1
"Anolis","dominica",1,1,2
"Anolis","glover",1,0,1
"Anolis","grand cayman",3,1,4
"Anolis","great bahama",1,4,5
"Anolis","great inagua",0,1,1
"Anolis","grenada",1,2,3
"Anolis","guadeloupe",0,4,4
"Anolis","guanaja",0,1,1
"Anolis","hispaniola",2,62,64
"Anolis","iles des saintes",0,1,1
"Anolis","ilsa de providencia",0,1,1
"Anolis","jamaica",1,6,7
"Anolis","klein curacao",1,0,1
"Anolis","las aves",0,2,2
"Anolis","lighthouse atoll",1,1,2
"Anolis","little bahama",4,1,5
"Anolis","little cayman",0,2,2
"Anolis","little inagua",0,1,1
"Anolis","marie galante",0,1,1
"Anolis","martinique",0,1,1
"Anolis","mayaguana",0,1,1
"Anolis","mira por vos",0,0,0
"Anolis","mona",0,1,1
"Anolis","monito",0,1,1
"Anolis","monjes",0,0,0
"Anolis","montserrat",0,1,1
"Anolis","morant",0,0,0
"Anolis","navassa",0,1,1
"Anolis","orchila",0,0,0
"Anolis","pedro",0,0,0
"Anolis","plana cays",0,2,2
"Anolis","puerto rico",1,14,15
"Anolis","redonda",0,1,1
"Anolis","roatan",1,2,3
"Anolis","roques",0,0,0
"Anolis","rum cay",0,2,2
"Anolis","saba",0,1,1
"Anolis","samana",0,1,1
"Anolis","san andres",0,1,1
"Anolis","san salvador",0,2,2
"Anolis","sombrero",0,1,1
"Anolis","st christopher",1,2,3
"Anolis","st croix",0,1,1
"Anolis","st lucia",3,1,4
"Anolis","st vincent",1,2,3
"Anolis","swan",0,1,1
"Anolis","testigos",0,0,0
"Anolis","tobago",2,0,2
"Anolis","tortuga",0,1,1
"Anolis","trinidad",5,1,6
"Anolis","turks",0,1,1
"Anolis","turneffe",1,0,1
"Anolis","utila",1,3,4
"Gekkota","anguilla",2,4,6
"Gekkota","antigua",1,2,3
"Gekkota","aruba",3,2,5
"Gekkota","aves",0,0,0
"Gekkota","barbados",1,1,2
"Gekkota","bermuda",0,0,0
"Gekkota","blanquilla",0,2,2
"Gekkota","bonaire",1,3,4
"Gekkota","caicos",2,2,4
"Gekkota","cay sal",0,1,1
"Gekkota","cayman brac",1,2,3
"Gekkota","chinchorro",0,1,1
"Gekkota","conception",0,1,1
"Gekkota","corn",3,3,6
"Gekkota","cozumel",1,3,4
"Gekkota","crooked acklins",0,1,1
"Gekkota","cuba",5,25,30
"Gekkota","curacao",5,3,8
"Gekkota","desecheo",0,1,1
"Gekkota","dominica",1,3,4
"Gekkota","glover",1,1,2
"Gekkota","grand cayman",2,2,4
"Gekkota","great bahama",5,3,8
"Gekkota","great inagua",2,2,4
"Gekkota","grenada",2,4,6
"Gekkota","guadeloupe",3,2,5
"Gekkota","guanaja",2,3,5
"Gekkota","hispaniola",3,40,43
"Gekkota","iles des saintes",1,2,3
"Gekkota","ilsa de providencia",0,2,2
"Gekkota","jamaica",2,10,12
"Gekkota","klein curacao",0,1,1
"Gekkota","las aves",0,2,2
"Gekkota","lighthouse atoll",0,1,1
"Gekkota","little bahama",2,1,3
"Gekkota","little cayman",1,2,3
"Gekkota","little inagua",0,1,1
"Gekkota","marie galante",1,2,3
"Gekkota","martinique",3,3,6
"Gekkota","mayaguana",1,1,2
"Gekkota","mira por vos",0,0,0
"Gekkota","mona",2,1,3
"Gekkota","monito",0,1,1
"Gekkota","monjes",0,1,1
"Gekkota","montserrat",1,2,3
"Gekkota","morant",1,1,2
"Gekkota","navassa",0,2,2
"Gekkota","orchila",1,2,3
"Gekkota","pedro",0,2,2
"Gekkota","plana cays",0,1,1
"Gekkota","puerto rico",3,10,13
"Gekkota","redonda",1,1,2
"Gekkota","roatan",1,3,4
"Gekkota","roques",1,4,5
"Gekkota","rum cay",0,3,3
"Gekkota","saba",1,3,4
"Gekkota","samana",0,1,1
"Gekkota","san andres",0,1,1
"Gekkota","san salvador",1,1,2
"Gekkota","sombrero",0,1,1
"Gekkota","st christopher",1,3,4
"Gekkota","st croix",1,3,4
"Gekkota","st lucia",2,4,6
"Gekkota","st vincent",1,2,3
"Gekkota","swan",0,3,3
"Gekkota","testigos",0,2,2
"Gekkota","tobago",1,5,6
"Gekkota","tortuga",0,1,1
"Gekkota","trinidad",2,6,8
"Gekkota","turks",1,1,2
"Gekkota","turneffe",0,1,1
"Gekkota","utila",1,6,7
"Gymnophthalmoidea","anguilla",1,2,3
"Gymnophthalmoidea","antigua",1,1,2
"Gymnophthalmoidea","aruba",2,4,6
"Gymnophthalmoidea","aves",0,0,0
"Gymnophthalmoidea","barbados",2,1,3
"Gymnophthalmoidea","bermuda",0,0,0
"Gymnophthalmoidea","blanquilla",0,3,3
"Gymnophthalmoidea","bonaire",0,2,2
"Gymnophthalmoidea","caicos",0,0,0
"Gymnophthalmoidea","cay sal",0,0,0
"Gymnophthalmoidea","cayman brac",0,0,0
"Gymnophthalmoidea","chinchorro",0,1,1
"Gymnophthalmoidea","conception",0,0,0
"Gymnophthalmoidea","corn",0,1,1
"Gymnophthalmoidea","cozumel",0,1,1
"Gymnophthalmoidea","crooked acklins",0,0,0
"Gymnophthalmoidea","cuba",1,1,2
"Gymnophthalmoidea","curacao",0,2,2
"Gymnophthalmoidea","desecheo",0,1,1
"Gymnophthalmoidea","dominica",1,2,3
"Gymnophthalmoidea","glover",0,0,0
"Gymnophthalmoidea","grand cayman",0,0,0
"Gymnophthalmoidea","great bahama",0,2,2
"Gymnophthalmoidea","great inagua",0,1,1
"Gymnophthalmoidea","grenada",1,4,5
"Gymnophthalmoidea","guadeloupe",2,2,4
"Gymnophthalmoidea","guanaja",0,1,1
"Gymnophthalmoidea","hispaniola",0,3,3
"Gymnophthalmoidea","iles des saintes",1,1,2
"Gymnophthalmoidea","ilsa de providencia",0,3,3
"Gymnophthalmoidea","jamaica",0,1,1
"Gymnophthalmoidea","klein curacao",0,2,2
"Gymnophthalmoidea","las aves",0,4,4
"Gymnophthalmoidea","lighthouse atoll",0,0,0
"Gymnophthalmoidea","little bahama",0,0,0
"Gymnophthalmoidea","little cayman",0,0,0
"Gymnophthalmoidea","little inagua",0,1,1
"Gymnophthalmoidea","marie galante",1,1,2
"Gymnophthalmoidea","martinique",1,1,2
"Gymnophthalmoidea","mayaguana",0,0,0
"Gymnophthalmoidea","mira por vos",0,0,0
"Gymnophthalmoidea","mona",0,1,1
"Gymnophthalmoidea","monito",0,0,0
"Gymnophthalmoidea","monjes",0,0,0
"Gymnophthalmoidea","montserrat",1,1,2
"Gymnophthalmoidea","morant",0,0,0
"Gymnophthalmoidea","navassa",0,0,0
"Gymnophthalmoidea","orchila",0,2,2
"Gymnophthalmoidea","pedro",0,0,0
"Gymnophthalmoidea","plana cays",0,0,0
"Gymnophthalmoidea","puerto rico",1,2,3
"Gymnophthalmoidea","redonda",0,1,1
"Gymnophthalmoidea","roatan",0,2,2
"Gymnophthalmoidea","roques",0,1,1
"Gymnophthalmoidea","rum cay",0,0,0
"Gymnophthalmoidea","saba",0,0,0
"Gymnophthalmoidea","samana",0,0,0
"Gymnophthalmoidea","san andres",0,2,2
"Gymnophthalmoidea","san salvador",0,0,0
"Gymnophthalmoidea","sombrero",0,1,1
"Gymnophthalmoidea","st christopher",1,1,2
"Gymnophthalmoidea","st croix",1,1,2
"Gymnophthalmoidea","st lucia",0,2,2
"Gymnophthalmoidea","st vincent",1,1,2
"Gymnophthalmoidea","swan",0,3,3
"Gymnophthalmoidea","testigos",0,3,3
"Gymnophthalmoidea","tobago",0,7,7
"Gymnophthalmoidea","tortuga",0,2,2
"Gymnophthalmoidea","trinidad",0,8,8
"Gymnophthalmoidea","turks",0,0,0
"Gymnophthalmoidea","turneffe",0,0,0
"Gymnophthalmoidea","utila",0,2,2
"Typhlopidae","anguilla",1,1,2
"Typhlopidae","antigua",0,1,1
"Typhlopidae","aruba",1,0,1
"Typhlopidae","aves",0,0,0
"Typhlopidae","barbados",1,0,1
"Typhlopidae","bermuda",0,0,0
"Typhlopidae","blanquilla",0,0,0
"Typhlopidae","bonaire",0,0,0
"Typhlopidae","caicos",1,1,2
"Typhlopidae","cay sal",0,1,1
"Typhlopidae","cayman brac",0,1,1
"Typhlopidae","chinchorro",0,0,0
"Typhlopidae","conception",0,0,0
"Typhlopidae","corn",0,0,0
"Typhlopidae","cozumel",0,0,0
"Typhlopidae","crooked acklins",0,0,0
"Typhlopidae","cuba",1,12,13
"Typhlopidae","curacao",1,0,1
"Typhlopidae","desecheo",0,0,0
"Typhlopidae","dominica",0,1,1
"Typhlopidae","glover",0,0,0
"Typhlopidae","grand cayman",1,1,2
"Typhlopidae","great bahama",1,2,3
"Typhlopidae","great inagua",0,1,1
"Typhlopidae","grenada",0,1,1
"Typhlopidae","guadeloupe",1,1,2
"Typhlopidae","guanaja",0,0,0
"Typhlopidae","hispaniola",0,13,13
"Typhlopidae","iles des saintes",0,0,0
"Typhlopidae","ilsa de providencia",0,0,0
"Typhlopidae","jamaica",0,1,1
"Typhlopidae","klein curacao",0,0,0
"Typhlopidae","las aves",0,0,0
"Typhlopidae","lighthouse atoll",0,0,0
"Typhlopidae","little bahama",1,1,2
"Typhlopidae","little cayman",0,0,0
"Typhlopidae","little inagua",0,0,0
"Typhlopidae","marie galante",0,0,0
"Typhlopidae","martinique",1,0,1
"Typhlopidae","mayaguana",0,0,0
"Typhlopidae","mira por vos",0,0,0
"Typhlopidae","mona",0,1,1
"Typhlopidae","monito",0,0,0
"Typhlopidae","monjes",0,0,0
"Typhlopidae","montserrat",1,1,2
"Typhlopidae","morant",0,0,0
"Typhlopidae","navassa",0,1,1
"Typhlopidae","orchila",0,0,0
"Typhlopidae","pedro",0,0,0
"Typhlopidae","plana cays",0,0,0
"Typhlopidae","puerto rico",0,7,7
"Typhlopidae","redonda",0,0,0
"Typhlopidae","roatan",0,0,0
"Typhlopidae","roques",0,0,0
"Typhlopidae","rum cay",0,0,0
"Typhlopidae","saba",0,0,0
"Typhlopidae","samana",0,0,0
"Typhlopidae","san andres",0,0,0
"Typhlopidae","san salvador",0,0,0
"Typhlopidae","sombrero",0,0,0
"Typhlopidae","st christopher",3,1,4
"Typhlopidae","st croix",1,1,2
"Typhlopidae","st lucia",0,0,0
"Typhlopidae","st vincent",0,0,0
"Typhlopidae","swan",0,0,0
"Typhlopidae","testigos",0,0,0
"Typhlopidae","tobago",0,1,1
"Typhlopidae","tortuga",0,0,0
"Typhlopidae","trinidad",0,2,2
"Typhlopidae","turks",1,1,2
"Typhlopidae","turneffe",0,0,0
"Typhlopidae","utila",1,0,1
"Testudines","anguilla",2,0,2
"Testudines","antigua",1,0,1
"Testudines","aruba",1,0,1
"Testudines","aves",0,0,0
"Testudines","barbados",1,0,1
"Testudines","bermuda",1,1,2
"Testudines","blanquilla",0,0,0
"Testudines","bonaire",0,0,0
"Testudines","caicos",0,0,0
"Testudines","cay sal",0,0,0
"Testudines","cayman brac",1,0,1
"Testudines","chinchorro",0,0,0
"Testudines","conception",0,0,0
"Testudines","corn",0,1,1
"Testudines","cozumel",0,4,4
"Testudines","crooked acklins",0,0,0
"Testudines","cuba",0,2,2
"Testudines","curacao",0,1,1
"Testudines","desecheo",0,0,0
"Testudines","dominica",1,0,1
"Testudines","glover",0,0,0
"Testudines","grand cayman",2,0,2
"Testudines","great bahama",1,1,2
"Testudines","great inagua",1,0,1
"Testudines","grenada",1,0,1
"Testudines","guadeloupe",3,0,3
"Testudines","guanaja",0,3,3
"Testudines","hispaniola",1,3,4
"Testudines","iles des saintes",4,0,4
"Testudines","ilsa de providencia",1,0,1
"Testudines","jamaica",2,1,3
"Testudines","klein curacao",0,0,0
"Testudines","las aves",0,0,0
"Testudines","lighthouse atoll",0,0,0
"Testudines","little bahama",1,0,1
"Testudines","little cayman",0,0,0
"Testudines","little inagua",0,0,0
"Testudines","marie galante",2,0,2
"Testudines","martinique",2,0,2
"Testudines","mayaguana",0,0,0
"Testudines","mira por vos",0,0,0
"Testudines","mona",0,0,0
"Testudines","monito",0,0,0
"Testudines","monjes",0,0,0
"Testudines","montserrat",1,0,1
"Testudines","morant",0,0,0
"Testudines","navassa",0,0,0
"Testudines","orchila",0,0,0
"Testudines","pedro",0,0,0
"Testudines","plana cays",0,0,0
"Testudines","puerto rico",4,1,5
"Testudines","redonda",0,0,0
"Testudines","roatan",0,1,1
"Testudines","roques",0,0,0
"Testudines","rum cay",0,0,0
"Testudines","saba",0,0,0
"Testudines","samana",0,0,0
"Testudines","san andres",0,1,1
"Testudines","san salvador",0,1,1
"Testudines","sombrero",0,0,0
"Testudines","st christopher",1,0,1
"Testudines","st croix",2,0,2
"Testudines","st lucia",1,0,1
"Testudines","st vincent",1,0,1
"Testudines","swan",0,0,0
"Testudines","testigos",1,0,1
"Testudines","tobago",0,0,0
"Testudines","tortuga",0,0,0
"Testudines","trinidad",2,5,7
"Testudines","turks",0,0,0
"Testudines","turneffe",0,1,1
"Testudines","utila",1,1,2
"Iguanidae","anguilla",1,1,2
"Iguanidae","antigua",0,1,1
"Iguanidae","aruba",0,1,1
"Iguanidae","aves",0,0,0
"Iguanidae","barbados",0,0,0
"Iguanidae","bermuda",0,0,0
"Iguanidae","blanquilla",0,1,1
"Iguanidae","bonaire",0,1,1
"Iguanidae","caicos",0,1,1
"Iguanidae","cay sal",0,0,0
"Iguanidae","cayman brac",1,1,2
"Iguanidae","chinchorro",0,2,2
"Iguanidae","conception",0,0,0
"Iguanidae","corn",0,2,2
"Iguanidae","cozumel",0,2,2
"Iguanidae","crooked acklins",0,1,1
"Iguanidae","cuba",1,1,2
"Iguanidae","curacao",0,1,1
"Iguanidae","desecheo",0,0,0
"Iguanidae","dominica",0,1,1
"Iguanidae","glover",1,1,2
"Iguanidae","grand cayman",2,1,3
"Iguanidae","great bahama",2,4,6
"Iguanidae","great inagua",0,0,0
"Iguanidae","grenada",0,1,1
"Iguanidae","guadeloupe",0,2,2
"Iguanidae","guanaja",0,2,2
"Iguanidae","hispaniola",0,2,2
"Iguanidae","iles des saintes",0,2,2
"Iguanidae","ilsa de providencia",1,1,2
"Iguanidae","jamaica",0,1,1
"Iguanidae","klein curacao",0,0,0
"Iguanidae","las aves",0,1,1
"Iguanidae","lighthouse atoll",0,2,2
"Iguanidae","little bahama",0,0,0
"Iguanidae","little cayman",1,1,2
"Iguanidae","little inagua",0,0,0
"Iguanidae","marie galante",1,1,2
"Iguanidae","martinique",1,1,2
"Iguanidae","mayaguana",1,0,1
"Iguanidae","mira por vos",0,0,0
"Iguanidae","mona",0,1,1
"Iguanidae","monito",0,0,0
"Iguanidae","monjes",0,0,0
"Iguanidae","montserrat",0,1,1
"Iguanidae","morant",0,0,0
"Iguanidae","navassa",0,1,1
"Iguanidae","orchila",0,1,1
"Iguanidae","pedro",0,0,0
"Iguanidae","plana cays",0,0,0
"Iguanidae","puerto rico",2,1,3
"Iguanidae","redonda",0,0,0
"Iguanidae","roatan",0,3,3
"Iguanidae","roques",0,1,1
"Iguanidae","rum cay",0,0,0
"Iguanidae","saba",0,1,1
"Iguanidae","samana",0,0,0
"Iguanidae","san andres",1,1,2
"Iguanidae","san salvador",0,1,1
"Iguanidae","sombrero",0,0,0
"Iguanidae","st christopher",1,1,2
"Iguanidae","st croix",1,0,1
"Iguanidae","st lucia",1,0,1
"Iguanidae","st vincent",0,1,1
"Iguanidae","swan",0,1,1
"Iguanidae","testigos",0,1,1
"Iguanidae","tobago",0,1,1
"Iguanidae","tortuga",0,1,1
"Iguanidae","trinidad",0,1,1
"Iguanidae","turks",0,1,1
"Iguanidae","turneffe",0,0,0
"Iguanidae","utila",1,2,3
"Cryptodira","anguilla",2,0,2
"Cryptodira","antigua",1,0,1
"Cryptodira","aruba",1,0,1
"Cryptodira","aves",0,0,0
"Cryptodira","barbados",1,0,1
"Cryptodira","bermuda",1,1,2
"Cryptodira","blanquilla",0,0,0
"Cryptodira","bonaire",0,0,0
"Cryptodira","caicos",0,0,0
"Cryptodira","cay sal",0,0,0
"Cryptodira","cayman brac",1,0,1
"Cryptodira","chinchorro",0,0,0
"Cryptodira","conception",0,0,0
"Cryptodira","corn",0,1,1
"Cryptodira","cozumel",0,4,4
"Cryptodira","crooked acklins",0,0,0
"Cryptodira","cuba",0,2,2
"Cryptodira","curacao",0,1,1
"Cryptodira","desecheo",0,0,0
"Cryptodira","dominica",1,0,1
"Cryptodira","glover",0,0,0
"Cryptodira","grand cayman",2,0,2
"Cryptodira","great bahama",1,1,2
"Cryptodira","great inagua",1,0,1
"Cryptodira","grenada",1,0,1
"Cryptodira","guadeloupe",2,0,2
"Cryptodira","guanaja",0,3,3
"Cryptodira","hispaniola",1,3,4
"Cryptodira","iles des saintes",3,0,3
"Cryptodira","ilsa de providencia",1,0,1
"Cryptodira","jamaica",2,1,3
"Cryptodira","klein curacao",0,0,0
"Cryptodira","las aves",0,0,0
"Cryptodira","lighthouse atoll",0,0,0
"Cryptodira","little bahama",1,0,1
"Cryptodira","little cayman",0,0,0
"Cryptodira","little inagua",0,0,0
"Cryptodira","marie galante",2,0,2
"Cryptodira","martinique",2,0,2
"Cryptodira","mayaguana",0,0,0
"Cryptodira","mira por vos",0,0,0
"Cryptodira","mona",0,0,0
"Cryptodira","monito",0,0,0
"Cryptodira","monjes",0,0,0
"Cryptodira","montserrat",1,0,1
"Cryptodira","morant",0,0,0
"Cryptodira","navassa",0,0,0
"Cryptodira","orchila",0,0,0
"Cryptodira","pedro",0,0,0
"Cryptodira","plana cays",0,0,0
"Cryptodira","puerto rico",4,1,5
"Cryptodira","redonda",0,0,0
"Cryptodira","roatan",0,1,1
"Cryptodira","roques",0,0,0
"Cryptodira","rum cay",0,0,0
"Cryptodira","saba",0,0,0
"Cryptodira","samana",0,0,0
"Cryptodira","san andres",0,1,1
"Cryptodira","san salvador",0,1,1
"Cryptodira","sombrero",0,0,0
"Cryptodira","st christopher",1,0,1
"Cryptodira","st croix",2,0,2
"Cryptodira","st lucia",1,0,1
"Cryptodira","st vincent",1,0,1
"Cryptodira","swan",0,0,0
"Cryptodira","testigos",1,0,1
"Cryptodira","tobago",0,0,0
"Cryptodira","tortuga",0,0,0
"Cryptodira","trinidad",2,3,5
"Cryptodira","turks",0,0,0
"Cryptodira","turneffe",0,1,1
"Cryptodira","utila",1,1,2
"Amphibia","anguilla",6,0,6
"Amphibia","antigua",3,1,4
"Amphibia","aruba",2,1,3
"Amphibia","aves",0,0,0
"Amphibia","barbados",2,0,2
"Amphibia","bermuda",2,0,2
"Amphibia","blanquilla",0,0,0
"Amphibia","bonaire",3,0,3
"Amphibia","caicos",2,0,2
"Amphibia","cay sal",0,0,0
"Amphibia","cayman brac",0,2,2
"Amphibia","chinchorro",0,0,0
"Amphibia","conception",0,1,1
"Amphibia","corn",0,6,6
"Amphibia","cozumel",0,8,8
"Amphibia","crooked acklins",0,1,1
"Amphibia","cuba",1,68,69
"Amphibia","curacao",3,0,3
"Amphibia","desecheo",0,0,0
"Amphibia","dominica",0,3,3
"Amphibia","glover",0,0,0
"Amphibia","grand cayman",2,2,4
"Amphibia","great bahama",2,4,6
"Amphibia","great inagua",2,0,2
"Amphibia","grenada",4,1,5
"Amphibia","guadeloupe",3,4,7
"Amphibia","guanaja",2,5,7
"Amphibia","hispaniola",2,74,76
"Amphibia","iles des saintes",1,1,2
"Amphibia","ilsa de providencia",0,1,1
"Amphibia","jamaica",4,21,25
"Amphibia","klein curacao",0,0,0
"Amphibia","las aves",0,0,0
"Amphibia","lighthouse atoll",0,0,0
"Amphibia","little bahama",4,2,6
"Amphibia","little cayman",0,1,1
"Amphibia","little inagua",0,0,0
"Amphibia","marie galante",2,1,3
"Amphibia","martinique",5,1,6
"Amphibia","mayaguana",0,0,0
"Amphibia","mira por vos",0,0,0
"Amphibia","mona",1,1,2
"Amphibia","monito",0,0,0
"Amphibia","monjes",0,0,0
"Amphibia","montserrat",2,1,3
"Amphibia","morant",0,0,0
"Amphibia","navassa",0,0,0
"Amphibia","orchila",0,0,0
"Amphibia","pedro",0,0,0
"Amphibia","plana cays",0,0,0
"Amphibia","puerto rico",7,19,26
"Amphibia","redonda",0,0,0
"Amphibia","roatan",0,4,4
"Amphibia","roques",0,0,0
"Amphibia","rum cay",0,1,1
"Amphibia","saba",1,0,1
"Amphibia","samana",0,0,0
"Amphibia","san andres",0,1,1
"Amphibia","san salvador",1,2,3
"Amphibia","sombrero",0,0,0
"Amphibia","st christopher",3,0,3
"Amphibia","st croix",5,2,7
"Amphibia","st lucia",5,2,7
"Amphibia","st vincent",3,1,4
"Amphibia","swan",0,0,0
"Amphibia","testigos",0,0,0
"Amphibia","tobago",1,16,17
"Amphibia","tortuga",0,0,0
"Amphibia","trinidad",1,31,32
"Amphibia","turks",2,0,2
"Amphibia","turneffe",0,1,1
"Amphibia","utila",0,4,4
"Neobatrachia","anguilla",6,0,6
"Neobatrachia","antigua",3,1,4
"Neobatrachia","aruba",2,1,3
"Neobatrachia","aves",0,0,0
"Neobatrachia","barbados",2,0,2
"Neobatrachia","bermuda",2,0,2
"Neobatrachia","blanquilla",0,0,0
"Neobatrachia","bonaire",3,0,3
"Neobatrachia","caicos",2,0,2
"Neobatrachia","cay sal",0,0,0
"Neobatrachia","cayman brac",0,2,2
"Neobatrachia","chinchorro",0,0,0
"Neobatrachia","conception",0,1,1
"Neobatrachia","corn",0,6,6
"Neobatrachia","cozumel",0,8,8
"Neobatrachia","crooked acklins",0,1,1
"Neobatrachia","cuba",1,68,69
"Neobatrachia","curacao",3,0,3
"Neobatrachia","desecheo",0,0,0
"Neobatrachia","dominica",0,3,3
"Neobatrachia","glover",0,0,0
"Neobatrachia","grand cayman",2,2,4
"Neobatrachia","great bahama",2,4,6
"Neobatrachia","great inagua",2,0,2
"Neobatrachia","grenada",4,1,5
"Neobatrachia","guadeloupe",3,4,7
"Neobatrachia","guanaja",2,5,7
"Neobatrachia","hispaniola",2,74,76
"Neobatrachia","iles des saintes",1,1,2
"Neobatrachia","ilsa de providencia",0,1,1
"Neobatrachia","jamaica",4,21,25
"Neobatrachia","klein curacao",0,0,0
"Neobatrachia","las aves",0,0,0
"Neobatrachia","lighthouse atoll",0,0,0
"Neobatrachia","little bahama",4,2,6
"Neobatrachia","little cayman",0,1,1
"Neobatrachia","little inagua",0,0,0
"Neobatrachia","marie galante",2,1,3
"Neobatrachia","martinique",5,1,6
"Neobatrachia","mayaguana",0,0,0
"Neobatrachia","mira por vos",0,0,0
"Neobatrachia","mona",1,1,2
"Neobatrachia","monito",0,0,0
"Neobatrachia","monjes",0,0,0
"Neobatrachia","montserrat",2,1,3
"Neobatrachia","morant",0,0,0
"Neobatrachia","navassa",0,0,0
"Neobatrachia","orchila",0,0,0
"Neobatrachia","pedro",0,0,0
"Neobatrachia","plana cays",0,0,0
"Neobatrachia","puerto rico",7,19,26
"Neobatrachia","redonda",0,0,0
"Neobatrachia","roatan",0,4,4
"Neobatrachia","roques",0,0,0
"Neobatrachia","rum cay",0,1,1
"Neobatrachia","saba",1,0,1
"Neobatrachia","samana",0,0,0
"Neobatrachia","san andres",0,1,1
"Neobatrachia","san salvador",1,2,3
"Neobatrachia","sombrero",0,0,0
"Neobatrachia","st christopher",3,0,3
"Neobatrachia","st croix",5,2,7
"Neobatrachia","st lucia",5,2,7
"Neobatrachia","st vincent",3,1,4
"Neobatrachia","swan",0,0,0
"Neobatrachia","testigos",0,0,0
"Neobatrachia","tobago",1,16,17
"Neobatrachia","tortuga",0,0,0
"Neobatrachia","trinidad",1,30,31
"Neobatrachia","turks",2,0,2
"Neobatrachia","turneffe",0,1,1
"Neobatrachia","utila",0,4,4
"Eleutherodactylus","anguilla",3,0,3
"Eleutherodactylus","antigua",1,1,2
"Eleutherodactylus","aruba",1,0,1
"Eleutherodactylus","aves",0,0,0
"Eleutherodactylus","barbados",1,0,1
"Eleutherodactylus","bermuda",1,0,1
"Eleutherodactylus","blanquilla",0,0,0
"Eleutherodactylus","bonaire",1,0,1
"Eleutherodactylus","caicos",1,0,1
"Eleutherodactylus","cay sal",0,0,0
"Eleutherodactylus","cayman brac",0,1,1
"Eleutherodactylus","chinchorro",0,0,0
"Eleutherodactylus","conception",0,0,0
"Eleutherodactylus","corn",0,0,0
"Eleutherodactylus","cozumel",0,1,1
"Eleutherodactylus","crooked acklins",0,0,0
"Eleutherodactylus","cuba",0,57,57
"Eleutherodactylus","curacao",1,0,1
"Eleutherodactylus","desecheo",0,0,0
"Eleutherodactylus","dominica",0,2,2
"Eleutherodactylus","glover",0,0,0
"Eleutherodactylus","grand cayman",0,1,1
"Eleutherodactylus","great bahama",0,2,2
"Eleutherodactylus","great inagua",1,0,1
"Eleutherodactylus","grenada",1,0,1
"Eleutherodactylus","guadeloupe",1,3,4
"Eleutherodactylus","guanaja",1,0,1
"Eleutherodactylus","hispaniola",0,66,66
"Eleutherodactylus","iles des saintes",1,1,2
"Eleutherodactylus","ilsa de providencia",0,0,0
"Eleutherodactylus","jamaica",2,17,19
"Eleutherodactylus","klein curacao",0,0,0
"Eleutherodactylus","las aves",0,0,0
"Eleutherodactylus","lighthouse atoll",0,0,0
"Eleutherodactylus","little bahama",0,1,1
"Eleutherodactylus","little cayman",0,0,0
"Eleutherodactylus","little inagua",0,0,0
"Eleutherodactylus","marie galante",1,1,2
"Eleutherodactylus","martinique",1,1,2
"Eleutherodactylus","mayaguana",0,0,0
"Eleutherodactylus","mira por vos",0,0,0
"Eleutherodactylus","mona",0,1,1
"Eleutherodactylus","monito",0,0,0
"Eleutherodactylus","monjes",0,0,0
"Eleutherodactylus","montserrat",1,0,1
"Eleutherodactylus","morant",0,0,0
"Eleutherodactylus","navassa",0,0,0
"Eleutherodactylus","orchila",0,0,0
"Eleutherodactylus","pedro",0,0,0
"Eleutherodactylus","plana cays",0,0,0
"Eleutherodactylus","puerto rico",2,17,19
"Eleutherodactylus","redonda",0,0,0
"Eleutherodactylus","roatan",0,0,0
"Eleutherodactylus","roques",0,0,0
"Eleutherodactylus","rum cay",0,0,0
"Eleutherodactylus","saba",1,0,1
"Eleutherodactylus","samana",0,0,0
"Eleutherodactylus","san andres",0,0,0
"Eleutherodactylus","san salvador",0,1,1
"Eleutherodactylus","sombrero",0,0,0
"Eleutherodactylus","st christopher",1,0,1
"Eleutherodactylus","st croix",3,1,4
"Eleutherodactylus","st lucia",1,1,2
"Eleutherodactylus","st vincent",1,0,1
"Eleutherodactylus","swan",0,0,0
"Eleutherodactylus","testigos",0,0,0
"Eleutherodactylus","tobago",1,0,1
"Eleutherodactylus","tortuga",0,0,0
"Eleutherodactylus","trinidad",1,0,1
"Eleutherodactylus","turks",1,0,1
"Eleutherodactylus","turneffe",0,0,0
"Eleutherodactylus","utila",0,0,0
"Hylidae","anguilla",1,0,1
"Hylidae","antigua",1,0,1
"Hylidae","aruba",0,0,0
"Hylidae","aves",0,0,0
"Hylidae","barbados",0,0,0
"Hylidae","bermuda",0,0,0
"Hylidae","blanquilla",0,0,0
"Hylidae","bonaire",1,0,1
"Hylidae","caicos",1,0,1
"Hylidae","cay sal",0,0,0
"Hylidae","cayman brac",0,1,1
"Hylidae","chinchorro",0,0,0
"Hylidae","conception",0,1,1
"Hylidae","corn",0,4,4
"Hylidae","cozumel",0,4,4
"Hylidae","crooked acklins",0,1,1
"Hylidae","cuba",0,1,1
"Hylidae","curacao",1,0,1
"Hylidae","desecheo",0,0,0
"Hylidae","dominica",0,0,0
"Hylidae","glover",0,0,0
"Hylidae","grand cayman",0,1,1
"Hylidae","great bahama",0,2,2
"Hylidae","great inagua",1,0,1
"Hylidae","grenada",1,0,1
"Hylidae","guadeloupe",1,0,1
"Hylidae","guanaja",0,3,3
"Hylidae","hispaniola",0,4,4
"Hylidae","iles des saintes",0,0,0
"Hylidae","ilsa de providencia",0,0,0
"Hylidae","jamaica",0,4,4
"Hylidae","klein curacao",0,0,0
"Hylidae","las aves",0,0,0
"Hylidae","lighthouse atoll",0,0,0
"Hylidae","little bahama",2,1,3
"Hylidae","little cayman",0,1,1
"Hylidae","little inagua",0,0,0
"Hylidae","marie galante",1,0,1
"Hylidae","martinique",2,0,2
"Hylidae","mayaguana",0,0,0
"Hylidae","mira por vos",0,0,0
"Hylidae","mona",0,0,0
"Hylidae","monito",0,0,0
"Hylidae","monjes",0,0,0
"Hylidae","montserrat",0,0,0
"Hylidae","morant",0,0,0
"Hylidae","navassa",0,0,0
"Hylidae","orchila",0,0,0
"Hylidae","pedro",0,0,0
"Hylidae","plana cays",0,0,0
"Hylidae","puerto rico",2,0,2
"Hylidae","redonda",0,0,0
"Hylidae","roatan",0,2,2
"Hylidae","roques",0,0,0
"Hylidae","rum cay",0,1,1
"Hylidae","saba",0,0,0
"Hylidae","samana",0,0,0
"Hylidae","san andres",0,0,0
"Hylidae","san salvador",1,1,2
"Hylidae","sombrero",0,0,0
"Hylidae","st christopher",1,0,1
"Hylidae","st croix",1,0,1
"Hylidae","st lucia",2,0,2
"Hylidae","st vincent",0,0,0
"Hylidae","swan",0,0,0
"Hylidae","testigos",0,0,0
"Hylidae","tobago",0,6,6
"Hylidae","tortuga",0,0,0
"Hylidae","trinidad",0,14,14
"Hylidae","turks",1,0,1
"Hylidae","turneffe",0,0,0
"Hylidae","utila",0,2,2
